Category,Value,Base_Identity,Base_Race,Base_Gender,Base_Age,Intersectional_Log_Odds,Count_Positive,Count_Negative
Cultural Marker (Female),bandana,Black_Female_Child,Black,Female,Child,-0.3429447511268305,40,40
Cultural Marker (Female),bandana,Black_Female_MiddleAged,Black,Female,MiddleAged,1.3062516534463542,40,40
Cultural Marker (Female),bandana,Black_Female_Old,Black,Female,Old,0.30748469974796055,40,40
Cultural Marker (Female),bandana,Black_Female_Young,Black,Female,Young,0.8754687373538999,40,40
Cultural Marker (Female),bandana,EastAsian_Female_Child,EastAsian,Female,Child,-1.067840630001356,40,40
Cultural Marker (Female),bandana,EastAsian_Female_MiddleAged,EastAsian,Female,MiddleAged,1.2992829841302609,40,40
Cultural Marker (Female),bandana,EastAsian_Female_Old,EastAsian,Female,Old,0.30748469974796055,40,40
Cultural Marker (Female),bandana,EastAsian_Female_Young,EastAsian,Female,Young,0.32850406697203605,40,40
Cultural Marker (Female),bandana,Indian_Female_Child,Indian,Female,Child,-0.192371892647456,40,40
Cultural Marker (Female),bandana,Indian_Female_MiddleAged,Indian,Female,MiddleAged,0.5306282510621704,40,40
Cultural Marker (Female),bandana,Indian_Female_Old,Indian,Female,Old,-0.916290731874155,40,40
Cultural Marker (Female),bandana,Indian_Female_Young,Indian,Female,Young,0.5146644000731564,40,40
Cultural Marker (Female),bandana,LatinoHispanic_Female_Child,LatinoHispanic,Female,Child,1.418382675671391,40,40
Cultural Marker (Female),bandana,LatinoHispanic_Female_MiddleAged,LatinoHispanic,Female,MiddleAged,1.5422291627406504,40,40
Cultural Marker (Female),bandana,LatinoHispanic_Female_Old,LatinoHispanic,Female,Old,-0.19062035960864981,40,40
Cultural Marker (Female),bandana,LatinoHispanic_Female_Young,LatinoHispanic,Female,Young,-0.3608043372807436,40,40
Cultural Marker (Female),bandana,MiddleEastern_Female_Child,MiddleEastern,Female,Child,1.8656293177945105,40,40
Cultural Marker (Female),bandana,MiddleEastern_Female_MiddleAged,MiddleEastern,Female,MiddleAged,0.3829922522561059,40,40
Cultural Marker (Female),bandana,MiddleEastern_Female_Old,MiddleEastern,Female,Old,-0.09574505695838428,40,40
Cultural Marker (Female),bandana,MiddleEastern_Female_Young,MiddleEastern,Female,Young,0.3829922522561057,40,40
Cultural Marker (Female),bandana,SoutheastAsian_Female_Child,SoutheastAsian,Female,Child,0.47000362924573563,40,40
Cultural Marker (Female),bandana,SoutheastAsian_Female_MiddleAged,SoutheastAsian,Female,MiddleAged,0.807091439909163,40,40
Cultural Marker (Female),bandana,SoutheastAsian_Female_Old,SoutheastAsian,Female,Old,-0.650429450874791,40,40
Cultural Marker (Female),bandana,SoutheastAsian_Female_Young,SoutheastAsian,Female,Young,0.20763936477824455,40,40
Cultural Marker (Female),bandana,White_Female_Child,White,Female,Child,-0.14763599880606468,40,40
Cultural Marker (Female),bandana,White_Female_MiddleAged,White,Female,MiddleAged,0.0,40,40
Cultural Marker (Female),bandana,White_Female_Old,White,Female,Old,-0.5753641449035618,40,40
Cultural Marker (Female),bandana,White_Female_Young,White,Female,Young,0.5978370007556204,40,40
Cultural Marker (Female),catholicnunveil,Black_Female_Child,Black,Female,Child,0.5753641449035619,40,40
Cultural Marker (Female),catholicnunveil,Black_Female_MiddleAged,Black,Female,MiddleAged,-0.13613217432458005,40,40
Cultural Marker (Female),catholicnunveil,Black_Female_Old,Black,Female,Old,-2.379546134130174,40,40
Cultural Marker (Female),catholicnunveil,Black_Female_Young,Black,Female,Young,-2.2512917986064953,40,40
Cultural Marker (Female),catholicnunveil,EastAsian_Female_Child,EastAsian,Female,Child,-0.3608043372807436,40,40
Cultural Marker (Female),catholicnunveil,EastAsian_Female_MiddleAged,EastAsian,Female,MiddleAged,-1.8718021769015913,40,40
Cultural Marker (Female),catholicnunveil,EastAsian_Female_Old,EastAsian,Female,Old,-1.2992829841302609,40,40
Cultural Marker (Female),catholicnunveil,EastAsian_Female_Young,EastAsian,Female,Young,-2.2512917986064953,40,40
Cultural Marker (Female),catholicnunveil,Indian_Female_Child,Indian,Female,Child,-0.1053605156578264,40,40
Cultural Marker (Female),catholicnunveil,Indian_Female_MiddleAged,Indian,Female,MiddleAged,-0.8209805520698301,40,40
Cultural Marker (Female),catholicnunveil,Indian_Female_Old,Indian,Female,Old,0.9162907318741551,40,40
Cultural Marker (Female),catholicnunveil,Indian_Female_Young,Indian,Female,Young,-1.448945326081558,40,40
Cultural Marker (Female),catholicnunveil,LatinoHispanic_Female_Child,LatinoHispanic,Female,Child,-3.3813947543659757,40,40
Cultural Marker (Female),catholicnunveil,LatinoHispanic_Female_MiddleAged,LatinoHispanic,Female,MiddleAged,-2.8526314299133175,40,40
Cultural Marker (Female),catholicnunveil,LatinoHispanic_Female_Old,LatinoHispanic,Female,Old,-3.1867875103167003,40,40
Cultural Marker (Female),catholicnunveil,LatinoHispanic_Female_Young,LatinoHispanic,Female,Young,-0.8754687373539001,40,40
Cultural Marker (Female),catholicnunveil,MiddleEastern_Female_Child,MiddleEastern,Female,Child,-1.8325814637483102,40,40
Cultural Marker (Female),catholicnunveil,MiddleEastern_Female_MiddleAged,MiddleEastern,Female,MiddleAged,-2.70805020110221,40,40
Cultural Marker (Female),catholicnunveil,MiddleEastern_Female_Old,MiddleEastern,Female,Old,-1.7047480922384253,40,40
Cultural Marker (Female),catholicnunveil,MiddleEastern_Female_Young,MiddleEastern,Female,Young,-1.8718021769015913,40,40
Cultural Marker (Female),catholicnunveil,SoutheastAsian_Female_Child,SoutheastAsian,Female,Child,0.29035230100765963,40,40
Cultural Marker (Female),catholicnunveil,SoutheastAsian_Female_MiddleAged,SoutheastAsian,Female,MiddleAged,-0.6418538861723948,40,40
Cultural Marker (Female),catholicnunveil,SoutheastAsian_Female_Old,SoutheastAsian,Female,Old,1.3217558399823195,40,40
Cultural Marker (Female),catholicnunveil,SoutheastAsian_Female_Young,SoutheastAsian,Female,Young,-0.807091439909163,40,40
Cultural Marker (Female),catholicnunveil,White_Female_Child,White,Female,Child,0.7537718023763802,40,40
Cultural Marker (Female),catholicnunveil,White_Female_MiddleAged,White,Female,MiddleAged,-1.0986122886681098,40,40
Cultural Marker (Female),catholicnunveil,White_Female_Old,White,Female,Old,-1.4469189829363254,40,40
Cultural Marker (Female),catholicnunveil,White_Female_Young,White,Female,Young,-3.481240089335692,40,40
Cultural Marker (Female),dupatta,Black_Female_Child,Black,Female,Child,-0.8842024173226546,40,40
Cultural Marker (Female),dupatta,Black_Female_MiddleAged,Black,Female,MiddleAged,-0.5808179955860258,40,40
Cultural Marker (Female),dupatta,Black_Female_Old,Black,Female,Old,1.0116009116784799,40,40
Cultural Marker (Female),dupatta,Black_Female_Young,Black,Female,Young,1.0732944806838198,40,40
Cultural Marker (Female),dupatta,EastAsian_Female_Child,EastAsian,Female,Child,0.0,40,40
Cultural Marker (Female),dupatta,EastAsian_Female_MiddleAged,EastAsian,Female,MiddleAged,0.4054651081081644,40,40
Cultural Marker (Female),dupatta,EastAsian_Female_Old,EastAsian,Female,Old,-0.7731898882334817,40,40
Cultural Marker (Female),dupatta,EastAsian_Female_Young,EastAsian,Female,Young,-0.2903523010076597,40,40
Cultural Marker (Female),dupatta,Indian_Female_Child,Indian,Female,Child,0.3168386567432366,40,40
Cultural Marker (Female),dupatta,Indian_Female_MiddleAged,Indian,Female,MiddleAged,0.67656305254441,40,40
Cultural Marker (Female),dupatta,Indian_Female_Old,Indian,Female,Old,0.0,40,40
Cultural Marker (Female),dupatta,Indian_Female_Young,Indian,Female,Young,0.6286086594223741,40,40
Cultural Marker (Female),dupatta,LatinoHispanic_Female_Child,LatinoHispanic,Female,Child,0.3829922522561057,40,40
Cultural Marker (Female),dupatta,LatinoHispanic_Female_MiddleAged,LatinoHispanic,Female,MiddleAged,0.1923718926474561,40,40
Cultural Marker (Female),dupatta,LatinoHispanic_Female_Old,LatinoHispanic,Female,Old,2.839078463508614,40,40
Cultural Marker (Female),dupatta,LatinoHispanic_Female_Young,LatinoHispanic,Female,Young,0.3967314281394098,40,40
Cultural Marker (Female),dupatta,MiddleEastern_Female_Child,MiddleEastern,Female,Child,0.09574505695838434,40,40
Cultural Marker (Female),dupatta,MiddleEastern_Female_MiddleAged,MiddleEastern,Female,MiddleAged,0.7070362927206124,40,40
Cultural Marker (Female),dupatta,MiddleEastern_Female_Old,MiddleEastern,Female,Old,0.5767177175746938,40,40
Cultural Marker (Female),dupatta,MiddleEastern_Female_Young,MiddleEastern,Female,Young,-0.0953101798043249,40,40
Cultural Marker (Female),dupatta,SoutheastAsian_Female_Child,SoutheastAsian,Female,Child,-0.6733445532637654,40,40
Cultural Marker (Female),dupatta,SoutheastAsian_Female_MiddleAged,SoutheastAsian,Female,MiddleAged,-0.8754687373539001,40,40
Cultural Marker (Female),dupatta,SoutheastAsian_Female_Old,SoutheastAsian,Female,Old,0.5753641449035618,40,40
Cultural Marker (Female),dupatta,SoutheastAsian_Female_Young,SoutheastAsian,Female,Young,0.6830968447064439,40,40
Cultural Marker (Female),dupatta,White_Female_Child,White,Female,Child,1.0116009116784799,40,40
Cultural Marker (Female),dupatta,White_Female_MiddleAged,White,Female,MiddleAged,0.11394425934921769,40,40
Cultural Marker (Female),dupatta,White_Female_Old,White,Female,Old,-0.11980119981262065,40,40
Cultural Marker (Female),dupatta,White_Female_Young,White,Female,Young,-0.48550781578170077,40,40
Cultural Marker (Female),gele,Black_Female_Child,Black,Female,Child,-0.0953101798043249,40,40
Cultural Marker (Female),gele,Black_Female_MiddleAged,Black,Female,MiddleAged,0.38566248081198473,40,40
Cultural Marker (Female),gele,Black_Female_Old,Black,Female,Old,0.7774883289936962,40,40
Cultural Marker (Female),gele,Black_Female_Young,Black,Female,Young,0.48097266061630967,40,40
Cultural Marker (Female),gele,EastAsian_Female_Child,EastAsian,Female,Child,0.4787373092144901,40,40
Cultural Marker (Female),gele,EastAsian_Female_MiddleAged,EastAsian,Female,MiddleAged,0.6830968447064439,40,40
Cultural Marker (Female),gele,EastAsian_Female_Old,EastAsian,Female,Old,1.906169820405799,40,40
Cultural Marker (Female),gele,EastAsian_Female_Young,EastAsian,Female,Young,1.1073459686368643,40,40
Cultural Marker (Female),gele,Indian_Female_Child,Indian,Female,Child,-0.0953101798043249,40,40
Cultural Marker (Female),gele,Indian_Female_MiddleAged,Indian,Female,MiddleAged,-0.8450366949240665,40,40
Cultural Marker (Female),gele,Indian_Female_Old,Indian,Female,Old,0.9720955730429718,40,40
Cultural Marker (Female),gele,Indian_Female_Young,Indian,Female,Young,0.3967314281394098,40,40
Cultural Marker (Female),gele,LatinoHispanic_Female_Child,LatinoHispanic,Female,Child,0.4855078157817008,40,40
Cultural Marker (Female),gele,LatinoHispanic_Female_MiddleAged,LatinoHispanic,Female,MiddleAged,0.5505841159050749,40,40
Cultural Marker (Female),gele,LatinoHispanic_Female_Old,LatinoHispanic,Female,Old,0.6931471805599453,40,40
Cultural Marker (Female),gele,LatinoHispanic_Female_Young,LatinoHispanic,Female,Young,0.6830968447064439,40,40
Cultural Marker (Female),gele,MiddleEastern_Female_Child,MiddleEastern,Female,Child,-0.5505841159050748,40,40
Cultural Marker (Female),gele,MiddleEastern_Female_MiddleAged,MiddleEastern,Female,MiddleAged,1.4217544124987604,40,40
Cultural Marker (Female),gele,MiddleEastern_Female_Old,MiddleEastern,Female,Old,0.7537718023763802,40,40
Cultural Marker (Female),gele,MiddleEastern_Female_Young,MiddleEastern,Female,Young,1.227147168449485,40,40
Cultural Marker (Female),gele,SoutheastAsian_Female_Child,SoutheastAsian,Female,Child,0.3829922522561059,40,40
Cultural Marker (Female),gele,SoutheastAsian_Female_MiddleAged,SoutheastAsian,Female,MiddleAged,0.5020919437972361,40,40
Cultural Marker (Female),gele,SoutheastAsian_Female_Old,SoutheastAsian,Female,Old,0.10227884912041825,40,40
Cultural Marker (Female),gele,SoutheastAsian_Female_Young,SoutheastAsian,Female,Young,-0.0953101798043249,40,40
Cultural Marker (Female),gele,White_Female_Child,White,Female,Child,-1.791759469228055,40,40
Cultural Marker (Female),gele,White_Female_MiddleAged,White,Female,MiddleAged,0.5753641449035618,40,40
Cultural Marker (Female),gele,White_Female_Old,White,Female,Old,1.6238785965888947,40,40
Cultural Marker (Female),gele,White_Female_Young,White,Female,Young,0.48097266061630967,40,40
Cultural Marker (Female),hijab,Black_Female_Child,Black,Female,Child,-0.5306282510621704,40,40
Cultural Marker (Female),hijab,Black_Female_MiddleAged,Black,Female,MiddleAged,-1.6007042324653458,40,40
Cultural Marker (Female),hijab,Black_Female_Old,Black,Female,Old,-1.3217558399823195,40,40
Cultural Marker (Female),hijab,Black_Female_Young,Black,Female,Young,-0.7252354951114458,40,40
Cultural Marker (Female),hijab,EastAsian_Female_Child,EastAsian,Female,Child,-0.09984533496971613,40,40
Cultural Marker (Female),hijab,EastAsian_Female_MiddleAged,EastAsian,Female,MiddleAged,-1.4508328822574619,40,40
Cultural Marker (Female),hijab,EastAsian_Female_Old,EastAsian,Female,Old,-1.2237754316221157,40,40
Cultural Marker (Female),hijab,EastAsian_Female_Young,EastAsian,Female,Young,-0.5020919437972361,40,40
Cultural Marker (Female),hijab,Indian_Female_Child,Indian,Female,Child,-1.3062516534463542,40,40
Cultural Marker (Female),hijab,Indian_Female_MiddleAged,Indian,Female,MiddleAged,0.0,40,40
Cultural Marker (Female),hijab,Indian_Female_Old,Indian,Female,Old,-0.9614111671546247,40,40
Cultural Marker (Female),hijab,Indian_Female_Young,Indian,Female,Young,-0.9407817518824507,40,40
Cultural Marker (Female),hijab,LatinoHispanic_Female_Child,LatinoHispanic,Female,Child,-0.40546510810816444,40,40
Cultural Marker (Female),hijab,LatinoHispanic_Female_MiddleAged,LatinoHispanic,Female,MiddleAged,-0.8754687373538999,40,40
Cultural Marker (Female),hijab,LatinoHispanic_Female_Old,LatinoHispanic,Female,Old,-0.9934017092876465,40,40
Cultural Marker (Female),hijab,LatinoHispanic_Female_Young,LatinoHispanic,Female,Young,0.19105523676270922,40,40
Cultural Marker (Female),hijab,MiddleEastern_Female_Child,MiddleEastern,Female,Child,0.8754687373538999,40,40
Cultural Marker (Female),hijab,MiddleEastern_Female_MiddleAged,MiddleEastern,Female,MiddleAged,-0.7884573603642702,40,40
Cultural Marker (Female),hijab,MiddleEastern_Female_Old,MiddleEastern,Female,Old,-0.5146644000731563,40,40
Cultural Marker (Female),hijab,MiddleEastern_Female_Young,MiddleEastern,Female,Young,-0.19782574332991978,40,40
Cultural Marker (Female),hijab,SoutheastAsian_Female_Child,SoutheastAsian,Female,Child,0.67656305254441,40,40
Cultural Marker (Female),hijab,SoutheastAsian_Female_MiddleAged,SoutheastAsian,Female,MiddleAged,0.09574505695838434,40,40
Cultural Marker (Female),hijab,SoutheastAsian_Female_Old,SoutheastAsian,Female,Old,-0.9614111671546247,40,40
Cultural Marker (Female),hijab,SoutheastAsian_Female_Young,SoutheastAsian,Female,Young,0.28768207245178085,40,40
Cultural Marker (Female),hijab,White_Female_Child,White,Female,Child,0.19105523676270922,40,40
Cultural Marker (Female),hijab,White_Female_MiddleAged,White,Female,MiddleAged,-0.7070362927206123,40,40
Cultural Marker (Female),hijab,White_Female_Old,White,Female,Old,-0.2863654165670341,40,40
Cultural Marker (Female),hijab,White_Female_Young,White,Female,Young,0.0,40,40
Cultural Marker (Female),tichel,Black_Female_Child,Black,Female,Child,1.35420604656839,40,40
Cultural Marker (Female),tichel,Black_Female_MiddleAged,Black,Female,MiddleAged,0.6286086594223741,40,40
Cultural Marker (Female),tichel,Black_Female_Old,Black,Female,Old,1.227147168449485,40,40
Cultural Marker (Female),tichel,Black_Female_Young,Black,Female,Young,0.19062035960864987,40,40
Cultural Marker (Female),tichel,EastAsian_Female_Child,EastAsian,Female,Child,0.9407817518824508,40,40
Cultural Marker (Female),tichel,EastAsian_Female_MiddleAged,EastAsian,Female,MiddleAged,0.19460724404927557,40,40
Cultural Marker (Female),tichel,EastAsian_Female_Old,EastAsian,Female,Old,1.188008953336922,40,40
Cultural Marker (Female),tichel,EastAsian_Female_Young,EastAsian,Female,Young,1.1314021114911006,40,40
Cultural Marker (Female),tichel,Indian_Female_Child,Indian,Female,Child,1.2558637461736162,40,40
Cultural Marker (Female),tichel,Indian_Female_MiddleAged,Indian,Female,MiddleAged,0.4787373092144901,40,40
Cultural Marker (Female),tichel,Indian_Female_Old,Indian,Female,Old,0.09984533496971612,40,40
Cultural Marker (Female),tichel,Indian_Female_Young,Indian,Female,Young,0.2903523010076598,40,40
Cultural Marker (Female),tichel,LatinoHispanic_Female_Child,LatinoHispanic,Female,Child,0.5767177175746939,40,40
Cultural Marker (Female),tichel,LatinoHispanic_Female_MiddleAged,LatinoHispanic,Female,MiddleAged,0.7884573603642703,40,40
Cultural Marker (Female),tichel,LatinoHispanic_Female_Old,LatinoHispanic,Female,Old,0.2903523010076598,40,40
Cultural Marker (Female),tichel,LatinoHispanic_Female_Young,LatinoHispanic,Female,Young,-0.3901976359773759,40,40
Cultural Marker (Female),tichel,MiddleEastern_Female_Child,MiddleEastern,Female,Child,-0.09574505695838428,40,40
Cultural Marker (Female),tichel,MiddleEastern_Female_MiddleAged,MiddleEastern,Female,MiddleAged,0.6733445532637654,40,40
Cultural Marker (Female),tichel,MiddleEastern_Female_Old,MiddleEastern,Female,Old,0.8754687373538999,40,40
Cultural Marker (Female),tichel,MiddleEastern_Female_Young,MiddleEastern,Female,Young,-0.09574505695838428,40,40
Cultural Marker (Female),tichel,SoutheastAsian_Female_Child,SoutheastAsian,Female,Child,-1.1073459686368643,40,40
Cultural Marker (Female),tichel,SoutheastAsian_Female_MiddleAged,SoutheastAsian,Female,MiddleAged,0.0,40,40
Cultural Marker (Female),tichel,SoutheastAsian_Female_Old,SoutheastAsian,Female,Old,-0.40546510810816444,40,40
Cultural Marker (Female),tichel,SoutheastAsian_Female_Young,SoutheastAsian,Female,Young,-0.47873730921449004,40,40
Cultural Marker (Female),tichel,White_Female_Child,White,Female,Child,-0.09574505695838428,40,40
Cultural Marker (Female),tichel,White_Female_MiddleAged,White,Female,MiddleAged,0.7731898882334817,40,40
Cultural Marker (Female),tichel,White_Female_Old,White,Female,Old,0.67656305254441,40,40
Cultural Marker (Female),tichel,White_Female_Young,White,Female,Young,2.5649493574615367,40,40
Cultural Marker (Male),bandana,Black_Male_Child,Black,Male,Child,-1.8004931491968097,40,40
Cultural Marker (Male),bandana,Black_Male_MiddleAged,Black,Male,MiddleAged,-1.3862943611198906,40,40
Cultural Marker (Male),bandana,Black_Male_Old,Black,Male,Old,-0.587786664902119,40,40
Cultural Marker (Male),bandana,Black_Male_Young,Black,Male,Young,-1.0116009116784799,40,40
Cultural Marker (Male),bandana,EastAsian_Male_Child,EastAsian,Male,Child,-1.4017985476558559,40,40
Cultural Marker (Male),bandana,EastAsian_Male_MiddleAged,EastAsian,Male,MiddleAged,-1.0900285449767182,40,40
Cultural Marker (Male),bandana,EastAsian_Male_Old,EastAsian,Male,Old,-1.7847907999119619,40,40
Cultural Marker (Male),bandana,EastAsian_Male_Young,EastAsian,Male,Young,-0.38299225225610584,40,40
Cultural Marker (Male),bandana,Indian_Male_Child,Indian,Male,Child,-1.4017985476558559,40,40
Cultural Marker (Male),bandana,Indian_Male_MiddleAged,Indian,Male,MiddleAged,-0.6325225587435103,39,40
Cultural Marker (Male),bandana,Indian_Male_Old,Indian,Male,Old,-1.5353299402803786,38,40
Cultural Marker (Male),bandana,Indian_Male_Young,Indian,Male,Young,-1.49033822089297,40,40
Cultural Marker (Male),bandana,LatinoHispanic_Male_Child,LatinoHispanic,Male,Child,-0.7484098592349948,40,40
Cultural Marker (Male),bandana,LatinoHispanic_Male_MiddleAged,LatinoHispanic,Male,MiddleAged,-2.2155737160044158,40,40
Cultural Marker (Male),bandana,LatinoHispanic_Male_Old,LatinoHispanic,Male,Old,-0.9734491457141037,40,40
Cultural Marker (Male),bandana,LatinoHispanic_Male_Young,LatinoHispanic,Male,Young,-1.6238785965888947,40,40
Cultural Marker (Male),bandana,MiddleEastern_Male_Child,MiddleEastern,Male,Child,-0.6286086594223742,40,40
Cultural Marker (Male),bandana,MiddleEastern_Male_MiddleAged,MiddleEastern,Male,MiddleAged,-1.1073459686368643,40,40
Cultural Marker (Male),bandana,MiddleEastern_Male_Old,MiddleEastern,Male,Old,-2.1400661634962708,40,40
Cultural Marker (Male),bandana,MiddleEastern_Male_Young,MiddleEastern,Male,Young,-1.1314021114911006,40,40
Cultural Marker (Male),bandana,SoutheastAsian_Male_Child,SoutheastAsian,Male,Child,-0.8976566523292623,40,40
Cultural Marker (Male),bandana,SoutheastAsian_Male_MiddleAged,SoutheastAsian,Male,MiddleAged,-0.9934017092876466,40,40
Cultural Marker (Male),bandana,SoutheastAsian_Male_Old,SoutheastAsian,Male,Old,-0.7884573603642702,40,40
Cultural Marker (Male),bandana,SoutheastAsian_Male_Young,SoutheastAsian,Male,Young,-1.3542060465683903,40,40
Cultural Marker (Male),bandana,White_Male_Child,White,Male,Child,-1.8004931491968097,40,40
Cultural Marker (Male),bandana,White_Male_MiddleAged,White,Male,MiddleAged,-1.4508328822574619,40,40
Cultural Marker (Male),bandana,White_Male_Old,White,Male,Old,-1.6849454649422453,40,40
Cultural Marker (Male),bandana,White_Male_Young,White,Male,Young,-0.3856624808119848,40,40
Cultural Marker (Male),durag,Black_Male_Child,Black,Male,Child,-1.1631508098056809,40,40
Cultural Marker (Male),durag,Black_Male_MiddleAged,Black,Male,MiddleAged,-3.3813947543659757,40,40
Cultural Marker (Male),durag,Black_Male_Old,Black,Male,Old,-2.917770732084279,40,40
Cultural Marker (Male),durag,Black_Male_Young,Black,Male,Young,-1.88706964903238,40,40
Cultural Marker (Male),durag,EastAsian_Male_Child,EastAsian,Male,Child,-1.4017985476558559,40,40
Cultural Marker (Male),durag,EastAsian_Male_MiddleAged,EastAsian,Male,MiddleAged,-4.301358731606427,40,40
Cultural Marker (Male),durag,EastAsian_Male_Old,EastAsian,Male,Old,-3.0375719318969,40,40
Cultural Marker (Male),durag,EastAsian_Male_Young,EastAsian,Male,Young,-5.160491049640633,40,40
Cultural Marker (Male),durag,Indian_Male_Child,Indian,Male,Child,-0.9734491457141037,40,40
Cultural Marker (Male),durag,Indian_Male_MiddleAged,Indian,Male,MiddleAged,-4.031824205240767,40,40
Cultural Marker (Male),durag,Indian_Male_Old,Indian,Male,Old,-3.4613861786732607,39,38
Cultural Marker (Male),durag,Indian_Male_Young,Indian,Male,Young,-2.0347056478384444,40,40
Cultural Marker (Male),durag,LatinoHispanic_Male_Child,LatinoHispanic,Male,Child,-2.5649493574615367,40,40
Cultural Marker (Male),durag,LatinoHispanic_Male_MiddleAged,LatinoHispanic,Male,MiddleAged,-2.3632097148104805,40,40
Cultural Marker (Male),durag,LatinoHispanic_Male_Old,LatinoHispanic,Male,Old,-6.278521424165844,40,40
Cultural Marker (Male),durag,LatinoHispanic_Male_Young,LatinoHispanic,Male,Young,-2.5649493574615367,40,40
Cultural Marker (Male),durag,MiddleEastern_Male_Child,MiddleEastern,Male,Child,-2.6602595372658615,40,40
Cultural Marker (Male),durag,MiddleEastern_Male_MiddleAged,MiddleEastern,Male,MiddleAged,-2.0347056478384444,40,40
Cultural Marker (Male),durag,MiddleEastern_Male_Old,MiddleEastern,Male,Old,-4.1588830833596715,40,40
Cultural Marker (Male),durag,MiddleEastern_Male_Young,MiddleEastern,Male,Young,-2.9444389791664407,40,40
Cultural Marker (Male),durag,SoutheastAsian_Male_Child,SoutheastAsian,Male,Child,-1.6379742196990348,40,40
Cultural Marker (Male),durag,SoutheastAsian_Male_MiddleAged,SoutheastAsian,Male,MiddleAged,-2.5941059417529924,40,40
Cultural Marker (Male),durag,SoutheastAsian_Male_Old,SoutheastAsian,Male,Old,-4.031824205240767,40,40
Cultural Marker (Male),durag,SoutheastAsian_Male_Young,SoutheastAsian,Male,Young,-2.8390784635086144,40,40
Cultural Marker (Male),durag,White_Male_Child,White,Male,Child,-2.5649493574615367,40,40
Cultural Marker (Male),durag,White_Male_MiddleAged,White,Male,MiddleAged,-3.7281001672672174,40,40
Cultural Marker (Male),durag,White_Male_Old,White,Male,Old,-3.0375719318969,40,40
Cultural Marker (Male),durag,White_Male_Young,White,Male,Young,-5.012855050834569,40,40
Cultural Marker (Male),fedora,Black_Male_Child,Black,Male,Child,-0.9808292530117262,40,40
Cultural Marker (Male),fedora,Black_Male_MiddleAged,Black,Male,MiddleAged,-0.6733445532637656,40,40
Cultural Marker (Male),fedora,Black_Male_Old,Black,Male,Old,-0.2944525790189915,40,40
Cultural Marker (Male),fedora,Black_Male_Young,Black,Male,Young,-0.19062035960864981,40,40
Cultural Marker (Male),fedora,EastAsian_Male_Child,EastAsian,Male,Child,-0.5808179955860258,40,40
Cultural Marker (Male),fedora,EastAsian_Male_MiddleAged,EastAsian,Male,MiddleAged,-0.6733445532637654,40,40
Cultural Marker (Male),fedora,EastAsian_Male_Old,EastAsian,Male,Old,-0.4787373092144902,40,40
Cultural Marker (Male),fedora,EastAsian_Male_Young,EastAsian,Male,Young,0.30010459245033816,40,40
Cultural Marker (Male),fedora,Indian_Male_Child,Indian,Male,Child,-0.9734491457141037,40,40
Cultural Marker (Male),fedora,Indian_Male_MiddleAged,Indian,Male,MiddleAged,0.0,40,40
Cultural Marker (Male),fedora,Indian_Male_Old,Indian,Male,Old,-0.3821104735254185,40,40
Cultural Marker (Male),fedora,Indian_Male_Young,Indian,Male,Young,-1.7509374747078,40,40
Cultural Marker (Male),fedora,LatinoHispanic_Male_Child,LatinoHispanic,Male,Child,0.0,40,40
Cultural Marker (Male),fedora,LatinoHispanic_Male_MiddleAged,LatinoHispanic,Male,MiddleAged,0.0,40,40
Cultural Marker (Male),fedora,LatinoHispanic_Male_Old,LatinoHispanic,Male,Old,0.20212418409013433,40,40
Cultural Marker (Male),fedora,LatinoHispanic_Male_Young,LatinoHispanic,Male,Young,-0.587786664902119,40,40
Cultural Marker (Male),fedora,MiddleEastern_Male_Child,MiddleEastern,Male,Child,-1.0788096613719298,40,40
Cultural Marker (Male),fedora,MiddleEastern_Male_MiddleAged,MiddleEastern,Male,MiddleAged,-1.6094379124341003,40,40
Cultural Marker (Male),fedora,MiddleEastern_Male_Old,MiddleEastern,Male,Old,-0.5020919437972361,40,40
Cultural Marker (Male),fedora,MiddleEastern_Male_Young,MiddleEastern,Male,Young,-0.6733445532637656,40,40
Cultural Marker (Male),fedora,SoutheastAsian_Male_Child,SoutheastAsian,Male,Child,-1.4017985476558559,40,40
Cultural Marker (Male),fedora,SoutheastAsian_Male_MiddleAged,SoutheastAsian,Male,MiddleAged,-0.7070362927206123,40,40
Cultural Marker (Male),fedora,SoutheastAsian_Male_Old,SoutheastAsian,Male,Old,0.30748469974796055,40,40
Cultural Marker (Male),fedora,SoutheastAsian_Male_Young,SoutheastAsian,Male,Young,-0.916290731874155,40,40
Cultural Marker (Male),fedora,White_Male_Child,White,Male,Child,-0.5978370007556204,40,40
Cultural Marker (Male),fedora,White_Male_MiddleAged,White,Male,MiddleAged,-1.1631508098056809,40,40
Cultural Marker (Male),fedora,White_Male_Old,White,Male,Old,-1.4017985476558559,40,40
Cultural Marker (Male),fedora,White_Male_Young,White,Male,Young,-0.5306282510621704,40,40
Cultural Marker (Male),kippah,Black_Male_Child,Black,Male,Child,0.9934017092876466,40,40
Cultural Marker (Male),kippah,Black_Male_MiddleAged,Black,Male,MiddleAged,1.83258146374831,40,40
Cultural Marker (Male),kippah,Black_Male_Old,Black,Male,Old,1.3019532126861397,40,40
Cultural Marker (Male),kippah,Black_Male_Young,Black,Male,Young,0.9734491457141037,40,40
Cultural Marker (Male),kippah,EastAsian_Male_Child,EastAsian,Male,Child,1.3901331374270562,40,40
Cultural Marker (Male),kippah,EastAsian_Male_MiddleAged,EastAsian,Male,MiddleAged,3.0375719318969,40,40
Cultural Marker (Male),kippah,EastAsian_Male_Old,EastAsian,Male,Old,1.7509374747078,40,40
Cultural Marker (Male),kippah,EastAsian_Male_Young,EastAsian,Male,Young,1.7847907999119617,40,40
Cultural Marker (Male),kippah,Indian_Male_Child,Indian,Male,Child,0.8711702965936855,40,40
Cultural Marker (Male),kippah,Indian_Male_MiddleAged,Indian,Male,MiddleAged,1.83258146374831,40,40
Cultural Marker (Male),kippah,Indian_Male_Old,Indian,Male,Old,1.0163741904311376,38,40
Cultural Marker (Male),kippah,Indian_Male_Young,Indian,Male,Young,2.1992427414924567,40,40
Cultural Marker (Male),kippah,LatinoHispanic_Male_Child,LatinoHispanic,Male,Child,1.8870696490323797,40,40
Cultural Marker (Male),kippah,LatinoHispanic_Male_MiddleAged,LatinoHispanic,Male,MiddleAged,3.056356895370426,40,40
Cultural Marker (Male),kippah,LatinoHispanic_Male_Old,LatinoHispanic,Male,Old,1.49033822089297,40,40
Cultural Marker (Male),kippah,LatinoHispanic_Male_Young,LatinoHispanic,Male,Young,1.8870696490323797,40,40
Cultural Marker (Male),kippah,MiddleEastern_Male_Child,MiddleEastern,Male,Child,1.995100393246085,40,40
Cultural Marker (Male),kippah,MiddleEastern_Male_MiddleAged,MiddleEastern,Male,MiddleAged,2.101629456655198,40,40
Cultural Marker (Male),kippah,MiddleEastern_Male_Old,MiddleEastern,Male,Old,2.908720896564361,40,40
Cultural Marker (Male),kippah,MiddleEastern_Male_Young,MiddleEastern,Male,Young,1.8971199848858813,40,40
Cultural Marker (Male),kippah,SoutheastAsian_Male_Child,SoutheastAsian,Male,Child,1.0900285449767182,40,40
Cultural Marker (Male),kippah,SoutheastAsian_Male_MiddleAged,SoutheastAsian,Male,MiddleAged,1.8562979903656263,40,40
Cultural Marker (Male),kippah,SoutheastAsian_Male_Old,SoutheastAsian,Male,Old,0.6504294508747911,40,40
Cultural Marker (Male),kippah,SoutheastAsian_Male_Young,SoutheastAsian,Male,Young,1.9324267987180264,40,40
Cultural Marker (Male),kippah,White_Male_Child,White,Male,Child,1.995100393246085,40,40
Cultural Marker (Male),kippah,White_Male_MiddleAged,White,Male,MiddleAged,4.442651256490317,40,40
Cultural Marker (Male),kippah,White_Male_Old,White,Male,Old,2.072183863373551,40,40
Cultural Marker (Male),kippah,White_Male_Young,White,Male,Young,2.072183863373551,40,40
Cultural Marker (Male),kufi,Black_Male_Child,Black,Male,Child,2.3353749158170363,40,40
Cultural Marker (Male),kufi,Black_Male_MiddleAged,Black,Male,MiddleAged,2.486987815991825,40,40
Cultural Marker (Male),kufi,Black_Male_Old,Black,Male,Old,2.8278514009148306,40,40
Cultural Marker (Male),kufi,Black_Male_Young,Black,Male,Young,1.3862943611198906,40,40
Cultural Marker (Male),kufi,EastAsian_Male_Child,EastAsian,Male,Child,1.8325814637483102,40,40
Cultural Marker (Male),kufi,EastAsian_Male_MiddleAged,EastAsian,Male,MiddleAged,2.1774219500400394,40,40
Cultural Marker (Male),kufi,EastAsian_Male_Old,EastAsian,Male,Old,2.5941059417529924,40,40
Cultural Marker (Male),kufi,EastAsian_Male_Young,EastAsian,Male,Young,2.302585092994046,40,40
Cultural Marker (Male),kufi,Indian_Male_Child,Indian,Male,Child,1.6238785965888949,40,40
Cultural Marker (Male),kufi,Indian_Male_MiddleAged,Indian,Male,MiddleAged,1.1394342831883648,39,40
Cultural Marker (Male),kufi,Indian_Male_Old,Indian,Male,Old,2.5257286443082556,40,40
Cultural Marker (Male),kufi,Indian_Male_Young,Indian,Male,Young,1.729239112246721,40,40
Cultural Marker (Male),kufi,LatinoHispanic_Male_Child,LatinoHispanic,Male,Child,-0.19105523676270922,40,40
Cultural Marker (Male),kufi,LatinoHispanic_Male_MiddleAged,LatinoHispanic,Male,MiddleAged,1.5040773967762742,40,40
Cultural Marker (Male),kufi,LatinoHispanic_Male_Old,LatinoHispanic,Male,Old,2.1992427414924567,40,40
Cultural Marker (Male),kufi,LatinoHispanic_Male_Young,LatinoHispanic,Male,Young,0.8711702965936855,40,40
Cultural Marker (Male),kufi,MiddleEastern_Male_Child,MiddleEastern,Male,Child,1.7186372043990923,40,40
Cultural Marker (Male),kufi,MiddleEastern_Male_MiddleAged,MiddleEastern,Male,MiddleAged,1.3019532126861397,40,40
Cultural Marker (Male),kufi,MiddleEastern_Male_Old,MiddleEastern,Male,Old,2.908720896564361,40,40
Cultural Marker (Male),kufi,MiddleEastern_Male_Young,MiddleEastern,Male,Young,1.5215997474684764,40,40
Cultural Marker (Male),kufi,SoutheastAsian_Male_Child,SoutheastAsian,Male,Child,1.6379742196990346,40,40
Cultural Marker (Male),kufi,SoutheastAsian_Male_MiddleAged,SoutheastAsian,Male,MiddleAged,1.729239112246721,40,40
Cultural Marker (Male),kufi,SoutheastAsian_Male_Old,SoutheastAsian,Male,Old,2.954910279033736,40,40
Cultural Marker (Male),kufi,SoutheastAsian_Male_Young,SoutheastAsian,Male,Young,2.645529844120876,40,40
Cultural Marker (Male),kufi,White_Male_Child,White,Male,Child,1.6094379124341003,40,40
Cultural Marker (Male),kufi,White_Male_MiddleAged,White,Male,MiddleAged,1.6486586255873816,40,40
Cultural Marker (Male),kufi,White_Male_Old,White,Male,Old,3.091042453358316,40,40
Cultural Marker (Male),kufi,White_Male_Young,White,Male,Young,1.07880966137193,40,40
Cultural Marker (Male),turban,Black_Male_Child,Black,Male,Child,0.4787373092144901,40,40
Cultural Marker (Male),turban,Black_Male_MiddleAged,Black,Male,MiddleAged,0.587786664902119,40,40
Cultural Marker (Male),turban,Black_Male_Old,Black,Male,Old,-0.44830526678465676,40,40
Cultural Marker (Male),turban,Black_Male_Young,Black,Male,Young,0.5753641449035618,40,40
Cultural Marker (Male),turban,EastAsian_Male_Child,EastAsian,Male,Child,0.19460724404927537,40,40
Cultural Marker (Male),turban,EastAsian_Male_MiddleAged,EastAsian,Male,MiddleAged,-0.09798040836020366,40,40
Cultural Marker (Male),turban,EastAsian_Male_Old,EastAsian,Male,Old,0.7731898882334817,40,40
Cultural Marker (Male),turban,EastAsian_Male_Young,EastAsian,Male,Young,-0.4307829160924542,40,40
Cultural Marker (Male),turban,Indian_Male_Child,Indian,Male,Child,0.8976566523292622,40,40
Cultural Marker (Male),turban,Indian_Male_MiddleAged,Indian,Male,MiddleAged,0.67656305254441,40,40
Cultural Marker (Male),turban,Indian_Male_Old,Indian,Male,Old,1.4087672169719492,39,38
Cultural Marker (Male),turban,Indian_Male_Young,Indian,Male,Young,1.2039728043259361,40,40
Cultural Marker (Male),turban,LatinoHispanic_Male_Child,LatinoHispanic,Male,Child,0.9162907318741551,40,40
Cultural Marker (Male),turban,LatinoHispanic_Male_MiddleAged,LatinoHispanic,Male,MiddleAged,0.09798040836020361,40,40
Cultural Marker (Male),turban,LatinoHispanic_Male_Old,LatinoHispanic,Male,Old,1.0900285449767182,40,40
Cultural Marker (Male),turban,LatinoHispanic_Male_Young,LatinoHispanic,Male,Young,1.2878542883066382,40,40
Cultural Marker (Male),turban,MiddleEastern_Male_Child,MiddleEastern,Male,Child,0.09984533496971612,40,40
Cultural Marker (Male),turban,MiddleEastern_Male_MiddleAged,MiddleEastern,Male,MiddleAged,1.2809338454620642,40,40
Cultural Marker (Male),turban,MiddleEastern_Male_Old,MiddleEastern,Male,Old,0.3074846997479607,40,40
Cultural Marker (Male),turban,MiddleEastern_Male_Young,MiddleEastern,Male,Young,0.9734491457141037,40,40
Cultural Marker (Male),turban,SoutheastAsian_Male_Child,SoutheastAsian,Male,Child,1.1786549963416462,40,40
Cultural Marker (Male),turban,SoutheastAsian_Male_MiddleAged,SoutheastAsian,Male,MiddleAged,0.49247648509779407,40,40
Cultural Marker (Male),turban,SoutheastAsian_Male_Old,SoutheastAsian,Male,Old,0.19105523676270922,40,40
Cultural Marker (Male),turban,SoutheastAsian_Male_Young,SoutheastAsian,Male,Young,0.2863654165670342,40,40
Cultural Marker (Male),turban,White_Male_Child,White,Male,Child,0.6504294508747911,40,40
Cultural Marker (Male),turban,White_Male_MiddleAged,White,Male,MiddleAged,0.6286086594223741,40,40
Cultural Marker (Male),turban,White_Male_Old,White,Male,Old,0.8754687373538999,40,40
Cultural Marker (Male),turban,White_Male_Young,White,Male,Young,0.9934017092876466,40,40